"public_id","secure_url"
"597_mja4fm","https://res.cloudinary.com/dqwh0wcjh/image/upload/v1780129801/597_mja4fm.png"
"599_hlhngm","https://res.cloudinary.com/dqwh0wcjh/image/upload/v1780129801/599_hlhngm.png"
"598_rgvqlz","https://res.cloudinary.com/dqwh0wcjh/image/upload/v1780129801/598_rgvqlz.png"
"600_w6w1am","https://res.cloudinary.com/dqwh0wcjh/image/upload/v1780129801/600_w6w1am.png"
"596_zbbv8d","https://res.cloudinary.com/dqwh0wcjh/image/upload/v1780129800/596_zbbv8d.png"
"594_ctzhwd","https://res.cloudinary.com/dqwh0wcjh/image/upload/v1780129798/594_ctzhwd.png"
"595_odqobt","https://res.cloudinary.com/dqwh0wcjh/image/upload/v1780129798/595_odqobt.png"
"591_bmzstk","https://res.cloudinary.com/dqwh0wcjh/image/upload/v1780129797/591_bmzstk.png"
"593_uzxnfm","https://res.cloudinary.com/dqwh0wcjh/image/upload/v1780129797/593_uzxnfm.png"
"592_tqzqme","https://res.cloudinary.com/dqwh0wcjh/image/upload/v1780129797/592_tqzqme.png"
"589_yqtmyk","https://res.cloudinary.com/dqwh0wcjh/image/upload/v1780129796/589_yqtmyk.png"
"590_e60bxp","https://res.cloudinary.com/dqwh0wcjh/image/upload/v1780129795/590_e60bxp.png"
"588_oqfkce","https://res.cloudinary.com/dqwh0wcjh/image/upload/v1780129794/588_oqfkce.png"
"585_alk5bi","https://res.cloudinary.com/dqwh0wcjh/image/upload/v1780129794/585_alk5bi.png"
"587_ivcdgz","https://res.cloudinary.com/dqwh0wcjh/image/upload/v1780129793/587_ivcdgz.png"
"583_cg1h2l","https://res.cloudinary.com/dqwh0wcjh/image/upload/v1780129792/583_cg1h2l.png"
"584_q9svjy","https://res.cloudinary.com/dqwh0wcjh/image/upload/v1780129792/584_q9svjy.png"
"586_by45sp","https://res.cloudinary.com/dqwh0wcjh/image/upload/v1780129792/586_by45sp.png"
"582_o774qq","https://res.cloudinary.com/dqwh0wcjh/image/upload/v1780129790/582_o774qq.png"
"580_mz6huy","https://res.cloudinary.com/dqwh0wcjh/image/upload/v1780129788/580_mz6huy.png"
"578_iieoxu","https://res.cloudinary.com/dqwh0wcjh/image/upload/v1780129788/578_iieoxu.png"
"581_ahzzg1","https://res.cloudinary.com/dqwh0wcjh/image/upload/v1780129788/581_ahzzg1.png"
"577_bzrkm8","https://res.cloudinary.com/dqwh0wcjh/image/upload/v1780129788/577_bzrkm8.png"
"579_gmdk85","https://res.cloudinary.com/dqwh0wcjh/image/upload/v1780129787/579_gmdk85.png"
"576_l0ov81","https://res.cloudinary.com/dqwh0wcjh/image/upload/v1780129786/576_l0ov81.png"
"575_el2pzq","https://res.cloudinary.com/dqwh0wcjh/image/upload/v1780129785/575_el2pzq.png"
"574_azmbgv","https://res.cloudinary.com/dqwh0wcjh/image/upload/v1780129784/574_azmbgv.png"
"570_ngppvm","https://res.cloudinary.com/dqwh0wcjh/image/upload/v1780129783/570_ngppvm.png"
"573_zkgwi9","https://res.cloudinary.com/dqwh0wcjh/image/upload/v1780129783/573_zkgwi9.png"
"571_e3dtwb","https://res.cloudinary.com/dqwh0wcjh/image/upload/v1780129782/571_e3dtwb.png"
"572_eygmfj","https://res.cloudinary.com/dqwh0wcjh/image/upload/v1780129782/572_eygmfj.png"
"569_fkrfrn","https://res.cloudinary.com/dqwh0wcjh/image/upload/v1780129781/569_fkrfrn.png"
"568_m3z5mp","https://res.cloudinary.com/dqwh0wcjh/image/upload/v1780129780/568_m3z5mp.png"
"567_aovbg6","https://res.cloudinary.com/dqwh0wcjh/image/upload/v1780129779/567_aovbg6.png"
"565_vupjq5","https://res.cloudinary.com/dqwh0wcjh/image/upload/v1780129778/565_vupjq5.png"
"564_o3wzhq","https://res.cloudinary.com/dqwh0wcjh/image/upload/v1780129778/564_o3wzhq.png"
"566_i8escc","https://res.cloudinary.com/dqwh0wcjh/image/upload/v1780129778/566_i8escc.png"
"562_njglo1","https://res.cloudinary.com/dqwh0wcjh/image/upload/v1780129777/562_njglo1.png"
"563_upqscb","https://res.cloudinary.com/dqwh0wcjh/image/upload/v1780129777/563_upqscb.png"
"561_vmzrma","https://res.cloudinary.com/dqwh0wcjh/image/upload/v1780129776/561_vmzrma.png"
"559_y7z4kb","https://res.cloudinary.com/dqwh0wcjh/image/upload/v1780129775/559_y7z4kb.png"
"560_i7imkd","https://res.cloudinary.com/dqwh0wcjh/image/upload/v1780129775/560_i7imkd.png"
"558_bkiwg1","https://res.cloudinary.com/dqwh0wcjh/image/upload/v1780129775/558_bkiwg1.png"
"557_b7nifc","https://res.cloudinary.com/dqwh0wcjh/image/upload/v1780129774/557_b7nifc.png"
"554_psfcei","https://res.cloudinary.com/dqwh0wcjh/image/upload/v1780129773/554_psfcei.png"
"556_dr2f2s","https://res.cloudinary.com/dqwh0wcjh/image/upload/v1780129773/556_dr2f2s.png"
"555_trkgly","https://res.cloudinary.com/dqwh0wcjh/image/upload/v1780129772/555_trkgly.png"
"549_vi9s0k","https://res.cloudinary.com/dqwh0wcjh/image/upload/v1780129771/549_vi9s0k.png"
"551_qrpw2b","https://res.cloudinary.com/dqwh0wcjh/image/upload/v1780129770/551_qrpw2b.png"
"552_uwjvdw","https://res.cloudinary.com/dqwh0wcjh/image/upload/v1780129769/552_uwjvdw.png"
"550_suu6re","https://res.cloudinary.com/dqwh0wcjh/image/upload/v1780129769/550_suu6re.png"
"553_z8qwy5","https://res.cloudinary.com/dqwh0wcjh/image/upload/v1780129769/553_z8qwy5.png"
"545_rjwor4","https://res.cloudinary.com/dqwh0wcjh/image/upload/v1780129769/545_rjwor4.png"
"546_ma7qzs","https://res.cloudinary.com/dqwh0wcjh/image/upload/v1780129767/546_ma7qzs.png"
"547_rtlepl","https://res.cloudinary.com/dqwh0wcjh/image/upload/v1780129767/547_rtlepl.png"
"544_gnixpe","https://res.cloudinary.com/dqwh0wcjh/image/upload/v1780129766/544_gnixpe.png"
"548_gc6wbs","https://res.cloudinary.com/dqwh0wcjh/image/upload/v1780129766/548_gc6wbs.png"
"543_s0rlug","https://res.cloudinary.com/dqwh0wcjh/image/upload/v1780129765/543_s0rlug.png"
"540_u9xtnk","https://res.cloudinary.com/dqwh0wcjh/image/upload/v1780129764/540_u9xtnk.png"
"542_rbdeg9","https://res.cloudinary.com/dqwh0wcjh/image/upload/v1780129763/542_rbdeg9.png"
"539_fwfcn5","https://res.cloudinary.com/dqwh0wcjh/image/upload/v1780129763/539_fwfcn5.png"
"541_a0lohy","https://res.cloudinary.com/dqwh0wcjh/image/upload/v1780129763/541_a0lohy.png"
"538_ainacx","https://res.cloudinary.com/dqwh0wcjh/image/upload/v1780129762/538_ainacx.png"
"536_op1sra","https://res.cloudinary.com/dqwh0wcjh/image/upload/v1780129762/536_op1sra.png"
"537_vskann","https://res.cloudinary.com/dqwh0wcjh/image/upload/v1780129761/537_vskann.png"
"535_o2txwn","https://res.cloudinary.com/dqwh0wcjh/image/upload/v1780129760/535_o2txwn.png"
"534_peknol","https://res.cloudinary.com/dqwh0wcjh/image/upload/v1780129760/534_peknol.png"
"533_ulwabd","https://res.cloudinary.com/dqwh0wcjh/image/upload/v1780129759/533_ulwabd.png"
"531_jnmzej","https://res.cloudinary.com/dqwh0wcjh/image/upload/v1780129759/531_jnmzej.png"
"532_srmhy6","https://res.cloudinary.com/dqwh0wcjh/image/upload/v1780129758/532_srmhy6.png"
"530_hindnc","https://res.cloudinary.com/dqwh0wcjh/image/upload/v1780129758/530_hindnc.png"
"528_scifjt","https://res.cloudinary.com/dqwh0wcjh/image/upload/v1780129757/528_scifjt.png"
"529_zhigwl","https://res.cloudinary.com/dqwh0wcjh/image/upload/v1780129757/529_zhigwl.png"
"525_awgwxt","https://res.cloudinary.com/dqwh0wcjh/image/upload/v1780129755/525_awgwxt.png"
"526_n3fwq9","https://res.cloudinary.com/dqwh0wcjh/image/upload/v1780129754/526_n3fwq9.png"
"527_bg4w84","https://res.cloudinary.com/dqwh0wcjh/image/upload/v1780129754/527_bg4w84.png"
"524_frtax4","https://res.cloudinary.com/dqwh0wcjh/image/upload/v1780129754/524_frtax4.png"
"523_rtdqlz","https://res.cloudinary.com/dqwh0wcjh/image/upload/v1780129754/523_rtdqlz.png"
"522_fdmkpv","https://res.cloudinary.com/dqwh0wcjh/image/upload/v1780129754/522_fdmkpv.png"
"518_i8xqzn","https://res.cloudinary.com/dqwh0wcjh/image/upload/v1780129751/518_i8xqzn.png"
"520_ftdvwf","https://res.cloudinary.com/dqwh0wcjh/image/upload/v1780129751/520_ftdvwf.png"
"521_ey2lwj","https://res.cloudinary.com/dqwh0wcjh/image/upload/v1780129751/521_ey2lwj.png"
"519_bh8o81","https://res.cloudinary.com/dqwh0wcjh/image/upload/v1780129751/519_bh8o81.png"
"517_kbc4qk","https://res.cloudinary.com/dqwh0wcjh/image/upload/v1780129751/517_kbc4qk.png"
"516_jokw46","https://res.cloudinary.com/dqwh0wcjh/image/upload/v1780129750/516_jokw46.png"
"515_linbjn","https://res.cloudinary.com/dqwh0wcjh/image/upload/v1780129749/515_linbjn.png"
"513_xfbx3n","https://res.cloudinary.com/dqwh0wcjh/image/upload/v1780129748/513_xfbx3n.png"
"514_wvigvu","https://res.cloudinary.com/dqwh0wcjh/image/upload/v1780129748/514_wvigvu.png"
"511_cs0agz","https://res.cloudinary.com/dqwh0wcjh/image/upload/v1780129748/511_cs0agz.png"
"512_ke5e6q","https://res.cloudinary.com/dqwh0wcjh/image/upload/v1780129747/512_ke5e6q.png"
"510_hd3gjl","https://res.cloudinary.com/dqwh0wcjh/image/upload/v1780129747/510_hd3gjl.png"
"507_kofg00","https://res.cloudinary.com/dqwh0wcjh/image/upload/v1780129746/507_kofg00.png"
"509_hsjl77","https://res.cloudinary.com/dqwh0wcjh/image/upload/v1780129746/509_hsjl77.png"
"508_gjvw7m","https://res.cloudinary.com/dqwh0wcjh/image/upload/v1780129745/508_gjvw7m.png"
"505_qf007m","https://res.cloudinary.com/dqwh0wcjh/image/upload/v1780129745/505_qf007m.png"
"506_lrq5km","https://res.cloudinary.com/dqwh0wcjh/image/upload/v1780129744/506_lrq5km.png"
"503_gkf3rn","https://res.cloudinary.com/dqwh0wcjh/image/upload/v1780129744/503_gkf3rn.png"
"502_ye8ken","https://res.cloudinary.com/dqwh0wcjh/image/upload/v1780129744/502_ye8ken.png"
"504_qvm7yb","https://res.cloudinary.com/dqwh0wcjh/image/upload/v1780129743/504_qvm7yb.png"
"500_qbh2fv","https://res.cloudinary.com/dqwh0wcjh/image/upload/v1780129741/500_qbh2fv.png"
"501_sm3qmb","https://res.cloudinary.com/dqwh0wcjh/image/upload/v1780129741/501_sm3qmb.png"
"499_hvzojm","https://res.cloudinary.com/dqwh0wcjh/image/upload/v1780129741/499_hvzojm.png"
"498_lahpye","https://res.cloudinary.com/dqwh0wcjh/image/upload/v1780129740/498_lahpye.png"
"497_gdeen3","https://res.cloudinary.com/dqwh0wcjh/image/upload/v1780129739/497_gdeen3.png"
"496_yjkwhi","https://res.cloudinary.com/dqwh0wcjh/image/upload/v1780129739/496_yjkwhi.png"
"495_sm9a5f","https://res.cloudinary.com/dqwh0wcjh/image/upload/v1780129739/495_sm9a5f.png"
"493_pcmrkl","https://res.cloudinary.com/dqwh0wcjh/image/upload/v1780129738/493_pcmrkl.png"
"494_sxfxke","https://res.cloudinary.com/dqwh0wcjh/image/upload/v1780129737/494_sxfxke.png"
"492_rysq8i","https://res.cloudinary.com/dqwh0wcjh/image/upload/v1780129737/492_rysq8i.png"
"491_uuf5or","https://res.cloudinary.com/dqwh0wcjh/image/upload/v1780129736/491_uuf5or.png"
"490_gmhim1","https://res.cloudinary.com/dqwh0wcjh/image/upload/v1780129735/490_gmhim1.png"
"488_icexaj","https://res.cloudinary.com/dqwh0wcjh/image/upload/v1780129735/488_icexaj.png"
"489_udvmbj","https://res.cloudinary.com/dqwh0wcjh/image/upload/v1780129735/489_udvmbj.png"
"487_wwowcp","https://res.cloudinary.com/dqwh0wcjh/image/upload/v1780129734/487_wwowcp.png"
"486_wkgued","https://res.cloudinary.com/dqwh0wcjh/image/upload/v1780129734/486_wkgued.png"
"485_hdv7xo","https://res.cloudinary.com/dqwh0wcjh/image/upload/v1780129732/485_hdv7xo.png"
"484_yketkd","https://res.cloudinary.com/dqwh0wcjh/image/upload/v1780129731/484_yketkd.png"
"483_ufbzb9","https://res.cloudinary.com/dqwh0wcjh/image/upload/v1780129731/483_ufbzb9.png"
"482_hdkxyc","https://res.cloudinary.com/dqwh0wcjh/image/upload/v1780129730/482_hdkxyc.png"
"480_vsq0w5","https://res.cloudinary.com/dqwh0wcjh/image/upload/v1780129729/480_vsq0w5.png"
"481_dwt8da","https://res.cloudinary.com/dqwh0wcjh/image/upload/v1780129729/481_dwt8da.png"
"479_cmyxnd","https://res.cloudinary.com/dqwh0wcjh/image/upload/v1780129728/479_cmyxnd.png"
"478_bjknat","https://res.cloudinary.com/dqwh0wcjh/image/upload/v1780129728/478_bjknat.png"
"477_m3xdfk","https://res.cloudinary.com/dqwh0wcjh/image/upload/v1780129727/477_m3xdfk.png"
"476_npwkwb","https://res.cloudinary.com/dqwh0wcjh/image/upload/v1780129727/476_npwkwb.png"
"475_ekiwcv","https://res.cloudinary.com/dqwh0wcjh/image/upload/v1780129726/475_ekiwcv.png"
"472_gpy8lb","https://res.cloudinary.com/dqwh0wcjh/image/upload/v1780129726/472_gpy8lb.png"
"473_mumdr1","https://res.cloudinary.com/dqwh0wcjh/image/upload/v1780129726/473_mumdr1.png"
"474_suvcbn","https://res.cloudinary.com/dqwh0wcjh/image/upload/v1780129726/474_suvcbn.png"
"471_hwjhic","https://res.cloudinary.com/dqwh0wcjh/image/upload/v1780129725/471_hwjhic.png"
"470_dz0srq","https://res.cloudinary.com/dqwh0wcjh/image/upload/v1780129725/470_dz0srq.png"
"468_uieza2","https://res.cloudinary.com/dqwh0wcjh/image/upload/v1780129724/468_uieza2.png"
"469_gudlqv","https://res.cloudinary.com/dqwh0wcjh/image/upload/v1780129724/469_gudlqv.png"
"467_mharlp","https://res.cloudinary.com/dqwh0wcjh/image/upload/v1780129723/467_mharlp.png"
"465_khvu4y","https://res.cloudinary.com/dqwh0wcjh/image/upload/v1780129722/465_khvu4y.png"
"466_r0yrnw","https://res.cloudinary.com/dqwh0wcjh/image/upload/v1780129723/466_r0yrnw.png"
"464_ac2f8o","https://res.cloudinary.com/dqwh0wcjh/image/upload/v1780129722/464_ac2f8o.png"
"463_ab3pq3","https://res.cloudinary.com/dqwh0wcjh/image/upload/v1780129721/463_ab3pq3.png"
"461_wbhyzj","https://res.cloudinary.com/dqwh0wcjh/image/upload/v1780129721/461_wbhyzj.png"
"462_ztp97d","https://res.cloudinary.com/dqwh0wcjh/image/upload/v1780129720/462_ztp97d.png"
"460_gkerek","https://res.cloudinary.com/dqwh0wcjh/image/upload/v1780129718/460_gkerek.png"
"458_f1sjon","https://res.cloudinary.com/dqwh0wcjh/image/upload/v1780129702/458_f1sjon.png"
"459_gcfagw","https://res.cloudinary.com/dqwh0wcjh/image/upload/v1780129702/459_gcfagw.png"
"457_xuepzw","https://res.cloudinary.com/dqwh0wcjh/image/upload/v1780129702/457_xuepzw.png"
"456_zdxorq","https://res.cloudinary.com/dqwh0wcjh/image/upload/v1780129702/456_zdxorq.png"
"455_cco9x7","https://res.cloudinary.com/dqwh0wcjh/image/upload/v1780129701/455_cco9x7.png"
"454_jcx6k9","https://res.cloudinary.com/dqwh0wcjh/image/upload/v1780129700/454_jcx6k9.png"
"452_k26k9z","https://res.cloudinary.com/dqwh0wcjh/image/upload/v1780129700/452_k26k9z.png"
"453_hsjixm","https://res.cloudinary.com/dqwh0wcjh/image/upload/v1780129699/453_hsjixm.png"
"451_plvhiy","https://res.cloudinary.com/dqwh0wcjh/image/upload/v1780129699/451_plvhiy.png"
"450_fe9luk","https://res.cloudinary.com/dqwh0wcjh/image/upload/v1780129699/450_fe9luk.png"
"449_o37k7p","https://res.cloudinary.com/dqwh0wcjh/image/upload/v1780129698/449_o37k7p.png"
"448_ldx6x5","https://res.cloudinary.com/dqwh0wcjh/image/upload/v1780129698/448_ldx6x5.png"
"445_qakyti","https://res.cloudinary.com/dqwh0wcjh/image/upload/v1780129697/445_qakyti.png"
"446_ik2o5d","https://res.cloudinary.com/dqwh0wcjh/image/upload/v1780129697/446_ik2o5d.png"
"447_oxqas0","https://res.cloudinary.com/dqwh0wcjh/image/upload/v1780129697/447_oxqas0.png"
"442_c1dbp1","https://res.cloudinary.com/dqwh0wcjh/image/upload/v1780129696/442_c1dbp1.png"
"444_wtjbh8","https://res.cloudinary.com/dqwh0wcjh/image/upload/v1780129696/444_wtjbh8.png"
"443_jxjkis","https://res.cloudinary.com/dqwh0wcjh/image/upload/v1780129695/443_jxjkis.png"
"441_qcgyfz","https://res.cloudinary.com/dqwh0wcjh/image/upload/v1780129695/441_qcgyfz.png"
"439_hu1sec","https://res.cloudinary.com/dqwh0wcjh/image/upload/v1780129695/439_hu1sec.png"
"440_dgnmff","https://res.cloudinary.com/dqwh0wcjh/image/upload/v1780129695/440_dgnmff.png"
"438_xowcoi","https://res.cloudinary.com/dqwh0wcjh/image/upload/v1780129694/438_xowcoi.png"
"437_anowtz","https://res.cloudinary.com/dqwh0wcjh/image/upload/v1780129694/437_anowtz.png"
"436_twnwj0","https://res.cloudinary.com/dqwh0wcjh/image/upload/v1780129693/436_twnwj0.png"
"435_cvqs3i","https://res.cloudinary.com/dqwh0wcjh/image/upload/v1780129693/435_cvqs3i.png"
"434_fzziym","https://res.cloudinary.com/dqwh0wcjh/image/upload/v1780129692/434_fzziym.png"
"433_k3m8nb","https://res.cloudinary.com/dqwh0wcjh/image/upload/v1780129691/433_k3m8nb.png"
"432_yhu3pd","https://res.cloudinary.com/dqwh0wcjh/image/upload/v1780129691/432_yhu3pd.png"
"431_hlxdc6","https://res.cloudinary.com/dqwh0wcjh/image/upload/v1780129690/431_hlxdc6.png"
"430_mi1ayj","https://res.cloudinary.com/dqwh0wcjh/image/upload/v1780129690/430_mi1ayj.png"
"427_j7okbu","https://res.cloudinary.com/dqwh0wcjh/image/upload/v1780129690/427_j7okbu.png"
"429_a9lqho","https://res.cloudinary.com/dqwh0wcjh/image/upload/v1780129690/429_a9lqho.png"
"428_xyxzaj","https://res.cloudinary.com/dqwh0wcjh/image/upload/v1780129689/428_xyxzaj.png"
"426_hoyljk","https://res.cloudinary.com/dqwh0wcjh/image/upload/v1780129689/426_hoyljk.png"
"425_r7rjfw","https://res.cloudinary.com/dqwh0wcjh/image/upload/v1780129688/425_r7rjfw.png"
"424_fivmvt","https://res.cloudinary.com/dqwh0wcjh/image/upload/v1780129688/424_fivmvt.png"
"423_e37o39","https://res.cloudinary.com/dqwh0wcjh/image/upload/v1780129687/423_e37o39.png"
"422_eos2of","https://res.cloudinary.com/dqwh0wcjh/image/upload/v1780129687/422_eos2of.png"
"421_ng9p9n","https://res.cloudinary.com/dqwh0wcjh/image/upload/v1780129686/421_ng9p9n.png"
"420_hvzior","https://res.cloudinary.com/dqwh0wcjh/image/upload/v1780129686/420_hvzior.png"
"419_lnn9jx","https://res.cloudinary.com/dqwh0wcjh/image/upload/v1780129685/419_lnn9jx.png"
"418_fw5ppb","https://res.cloudinary.com/dqwh0wcjh/image/upload/v1780129685/418_fw5ppb.png"
"417_j0qwup","https://res.cloudinary.com/dqwh0wcjh/image/upload/v1780129685/417_j0qwup.png"
"416_vvx7at","https://res.cloudinary.com/dqwh0wcjh/image/upload/v1780129684/416_vvx7at.png"
"415_buwsjg","https://res.cloudinary.com/dqwh0wcjh/image/upload/v1780129684/415_buwsjg.png"
"414_ycomaf","https://res.cloudinary.com/dqwh0wcjh/image/upload/v1780129684/414_ycomaf.png"
"413_fgvagx","https://res.cloudinary.com/dqwh0wcjh/image/upload/v1780129684/413_fgvagx.png"
"412_zrpnwp","https://res.cloudinary.com/dqwh0wcjh/image/upload/v1780129683/412_zrpnwp.png"
"411_um1nkh","https://res.cloudinary.com/dqwh0wcjh/image/upload/v1780129682/411_um1nkh.png"
"410_sirsxs","https://res.cloudinary.com/dqwh0wcjh/image/upload/v1780129682/410_sirsxs.png"
"409_nvyxmd","https://res.cloudinary.com/dqwh0wcjh/image/upload/v1780129682/409_nvyxmd.png"
"408_ugxwoj","https://res.cloudinary.com/dqwh0wcjh/image/upload/v1780129681/408_ugxwoj.png"
"407_qu81ki","https://res.cloudinary.com/dqwh0wcjh/image/upload/v1780129681/407_qu81ki.png"
"405_hxep58","https://res.cloudinary.com/dqwh0wcjh/image/upload/v1780129680/405_hxep58.png"
"406_d6bi0p","https://res.cloudinary.com/dqwh0wcjh/image/upload/v1780129680/406_d6bi0p.png"
"404_y7tw9d","https://res.cloudinary.com/dqwh0wcjh/image/upload/v1780129680/404_y7tw9d.png"
"403_rjleku","https://res.cloudinary.com/dqwh0wcjh/image/upload/v1780129679/403_rjleku.png"
"402_ggg1gc","https://res.cloudinary.com/dqwh0wcjh/image/upload/v1780129679/402_ggg1gc.png"
"401_spw8lo","https://res.cloudinary.com/dqwh0wcjh/image/upload/v1780129678/401_spw8lo.png"
"399_xjhhts","https://res.cloudinary.com/dqwh0wcjh/image/upload/v1780129678/399_xjhhts.png"
"400_hsj1bo","https://res.cloudinary.com/dqwh0wcjh/image/upload/v1780129678/400_hsj1bo.png"
"398_cc1qum","https://res.cloudinary.com/dqwh0wcjh/image/upload/v1780129677/398_cc1qum.png"
"397_tlxntv","https://res.cloudinary.com/dqwh0wcjh/image/upload/v1780129677/397_tlxntv.png"
"396_ncjddx","https://res.cloudinary.com/dqwh0wcjh/image/upload/v1780129676/396_ncjddx.png"
"394_b5exee","https://res.cloudinary.com/dqwh0wcjh/image/upload/v1780129675/394_b5exee.png"
"395_pehaaa","https://res.cloudinary.com/dqwh0wcjh/image/upload/v1780129676/395_pehaaa.png"
"393_m5jspq","https://res.cloudinary.com/dqwh0wcjh/image/upload/v1780129675/393_m5jspq.png"
"392_wysgvl","https://res.cloudinary.com/dqwh0wcjh/image/upload/v1780129674/392_wysgvl.png"
"388_x3nvwz","https://res.cloudinary.com/dqwh0wcjh/image/upload/v1780129674/388_x3nvwz.png"
"391_livrbr","https://res.cloudinary.com/dqwh0wcjh/image/upload/v1780129674/391_livrbr.png"
"390_prwmdu","https://res.cloudinary.com/dqwh0wcjh/image/upload/v1780129674/390_prwmdu.png"
"389_c3eoag","https://res.cloudinary.com/dqwh0wcjh/image/upload/v1780129673/389_c3eoag.png"
"387_pi3z0v","https://res.cloudinary.com/dqwh0wcjh/image/upload/v1780129672/387_pi3z0v.png"
"386_e1csbp","https://res.cloudinary.com/dqwh0wcjh/image/upload/v1780129672/386_e1csbp.png"
"385_ap1lwt","https://res.cloudinary.com/dqwh0wcjh/image/upload/v1780129671/385_ap1lwt.png"
"384_foxudi","https://res.cloudinary.com/dqwh0wcjh/image/upload/v1780129671/384_foxudi.png"
"383_xwpemh","https://res.cloudinary.com/dqwh0wcjh/image/upload/v1780129671/383_xwpemh.png"
"382_sjbqfb","https://res.cloudinary.com/dqwh0wcjh/image/upload/v1780129670/382_sjbqfb.png"
"381_a9uhrw","https://res.cloudinary.com/dqwh0wcjh/image/upload/v1780129670/381_a9uhrw.png"
"380_b3kmfx","https://res.cloudinary.com/dqwh0wcjh/image/upload/v1780129670/380_b3kmfx.png"
"379_rgazrv","https://res.cloudinary.com/dqwh0wcjh/image/upload/v1780129669/379_rgazrv.png"
"378_giz8jv","https://res.cloudinary.com/dqwh0wcjh/image/upload/v1780129669/378_giz8jv.png"
"377_gtnuel","https://res.cloudinary.com/dqwh0wcjh/image/upload/v1780129668/377_gtnuel.png"
"376_j0ddg8","https://res.cloudinary.com/dqwh0wcjh/image/upload/v1780129668/376_j0ddg8.png"
"375_pngxoz","https://res.cloudinary.com/dqwh0wcjh/image/upload/v1780129668/375_pngxoz.png"
"374_yp3mta","https://res.cloudinary.com/dqwh0wcjh/image/upload/v1780129667/374_yp3mta.png"
"373_rg6fis","https://res.cloudinary.com/dqwh0wcjh/image/upload/v1780129666/373_rg6fis.png"
"372_qejxlc","https://res.cloudinary.com/dqwh0wcjh/image/upload/v1780129666/372_qejxlc.png"
"371_znuoqu","https://res.cloudinary.com/dqwh0wcjh/image/upload/v1780129666/371_znuoqu.png"
"369_b97yse","https://res.cloudinary.com/dqwh0wcjh/image/upload/v1780129666/369_b97yse.png"
"370_jqk7xk","https://res.cloudinary.com/dqwh0wcjh/image/upload/v1780129666/370_jqk7xk.png"
"368_hdlzkh","https://res.cloudinary.com/dqwh0wcjh/image/upload/v1780129665/368_hdlzkh.png"
"367_gqwk0w","https://res.cloudinary.com/dqwh0wcjh/image/upload/v1780129664/367_gqwk0w.png"
"366_qvdzgu","https://res.cloudinary.com/dqwh0wcjh/image/upload/v1780129663/366_qvdzgu.png"
"365_f09pec","https://res.cloudinary.com/dqwh0wcjh/image/upload/v1780129663/365_f09pec.png"
"363_eptskn","https://res.cloudinary.com/dqwh0wcjh/image/upload/v1780129662/363_eptskn.png"
"364_l5zvlg","https://res.cloudinary.com/dqwh0wcjh/image/upload/v1780129662/364_l5zvlg.png"
"362_emfcze","https://res.cloudinary.com/dqwh0wcjh/image/upload/v1780129662/362_emfcze.png"
"360_wxqlek","https://res.cloudinary.com/dqwh0wcjh/image/upload/v1780129661/360_wxqlek.png"
"361_y0beq3","https://res.cloudinary.com/dqwh0wcjh/image/upload/v1780129661/361_y0beq3.png"
"359_gmigxr","https://res.cloudinary.com/dqwh0wcjh/image/upload/v1780129661/359_gmigxr.png"
"358_tb6uye","https://res.cloudinary.com/dqwh0wcjh/image/upload/v1780129660/358_tb6uye.png"
"357_gyhfm0","https://res.cloudinary.com/dqwh0wcjh/image/upload/v1780129659/357_gyhfm0.png"
"356_yyic8d","https://res.cloudinary.com/dqwh0wcjh/image/upload/v1780129659/356_yyic8d.png"
"355_hgrawd","https://res.cloudinary.com/dqwh0wcjh/image/upload/v1780129659/355_hgrawd.png"
"354_bscsen","https://res.cloudinary.com/dqwh0wcjh/image/upload/v1780129658/354_bscsen.png"
"353_ulfznj","https://res.cloudinary.com/dqwh0wcjh/image/upload/v1780129658/353_ulfznj.png"
"352_i8l4ds","https://res.cloudinary.com/dqwh0wcjh/image/upload/v1780129658/352_i8l4ds.png"
"351_fnr9wu","https://res.cloudinary.com/dqwh0wcjh/image/upload/v1780129658/351_fnr9wu.png"
"350_orkjbe","https://res.cloudinary.com/dqwh0wcjh/image/upload/v1780129657/350_orkjbe.png"
"349_ihuuip","https://res.cloudinary.com/dqwh0wcjh/image/upload/v1780129657/349_ihuuip.png"
"348_if7yf9","https://res.cloudinary.com/dqwh0wcjh/image/upload/v1780129656/348_if7yf9.png"
"343_vytzkw","https://res.cloudinary.com/dqwh0wcjh/image/upload/v1780129656/343_vytzkw.png"
"347_owtb7s","https://res.cloudinary.com/dqwh0wcjh/image/upload/v1780129655/347_owtb7s.png"
"346_gacy7p","https://res.cloudinary.com/dqwh0wcjh/image/upload/v1780129655/346_gacy7p.png"
"345_lgtg4m","https://res.cloudinary.com/dqwh0wcjh/image/upload/v1780129655/345_lgtg4m.png"
"342_cqjfhr","https://res.cloudinary.com/dqwh0wcjh/image/upload/v1780129655/342_cqjfhr.png"
"344_xmhpck","https://res.cloudinary.com/dqwh0wcjh/image/upload/v1780129654/344_xmhpck.png"
"341_tbrovi","https://res.cloudinary.com/dqwh0wcjh/image/upload/v1780129654/341_tbrovi.png"
"339_drr5wo","https://res.cloudinary.com/dqwh0wcjh/image/upload/v1780129653/339_drr5wo.png"
"340_tlgxnw","https://res.cloudinary.com/dqwh0wcjh/image/upload/v1780129653/340_tlgxnw.png"
"338_t3rots","https://res.cloudinary.com/dqwh0wcjh/image/upload/v1780129653/338_t3rots.png"
"337_lxxlqr","https://res.cloudinary.com/dqwh0wcjh/image/upload/v1780129652/337_lxxlqr.png"
"336_a5zy2z","https://res.cloudinary.com/dqwh0wcjh/image/upload/v1780129652/336_a5zy2z.png"
"333_ytt2o0","https://res.cloudinary.com/dqwh0wcjh/image/upload/v1780129651/333_ytt2o0.png"
"335_imodts","https://res.cloudinary.com/dqwh0wcjh/image/upload/v1780129651/335_imodts.png"
"334_ku9x1g","https://res.cloudinary.com/dqwh0wcjh/image/upload/v1780129650/334_ku9x1g.png"
"332_qjfmib","https://res.cloudinary.com/dqwh0wcjh/image/upload/v1780129650/332_qjfmib.png"
"331_k30tbh","https://res.cloudinary.com/dqwh0wcjh/image/upload/v1780129650/331_k30tbh.png"
"330_wnl2im","https://res.cloudinary.com/dqwh0wcjh/image/upload/v1780129649/330_wnl2im.png"
"328_hxeomh","https://res.cloudinary.com/dqwh0wcjh/image/upload/v1780129649/328_hxeomh.png"
"329_zrktif","https://res.cloudinary.com/dqwh0wcjh/image/upload/v1780129648/329_zrktif.png"
"327_lyk0mt","https://res.cloudinary.com/dqwh0wcjh/image/upload/v1780129648/327_lyk0mt.png"
"326_razz73","https://res.cloudinary.com/dqwh0wcjh/image/upload/v1780129647/326_razz73.png"
"325_ejqu4i","https://res.cloudinary.com/dqwh0wcjh/image/upload/v1780129647/325_ejqu4i.png"
"324_nek8qe","https://res.cloudinary.com/dqwh0wcjh/image/upload/v1780129646/324_nek8qe.png"
"323_rytsos","https://res.cloudinary.com/dqwh0wcjh/image/upload/v1780129646/323_rytsos.png"
"322_a1f2ia","https://res.cloudinary.com/dqwh0wcjh/image/upload/v1780129645/322_a1f2ia.png"
"321_lthit8","https://res.cloudinary.com/dqwh0wcjh/image/upload/v1780129645/321_lthit8.png"
"320_hyt2dw","https://res.cloudinary.com/dqwh0wcjh/image/upload/v1780129645/320_hyt2dw.png"
"319_ppij2x","https://res.cloudinary.com/dqwh0wcjh/image/upload/v1780129645/319_ppij2x.png"
"318_nga7ca","https://res.cloudinary.com/dqwh0wcjh/image/upload/v1780129644/318_nga7ca.png"
"317_qtruoe","https://res.cloudinary.com/dqwh0wcjh/image/upload/v1780129643/317_qtruoe.png"
"316_hbjru5","https://res.cloudinary.com/dqwh0wcjh/image/upload/v1780129643/316_hbjru5.png"
"315_llugra","https://res.cloudinary.com/dqwh0wcjh/image/upload/v1780129642/315_llugra.png"
"314_lsb3zu","https://res.cloudinary.com/dqwh0wcjh/image/upload/v1780129642/314_lsb3zu.png"
"313_qzewn0","https://res.cloudinary.com/dqwh0wcjh/image/upload/v1780129642/313_qzewn0.png"
"309_hh2dr4","https://res.cloudinary.com/dqwh0wcjh/image/upload/v1780129641/309_hh2dr4.png"
"310_mbo4o2","https://res.cloudinary.com/dqwh0wcjh/image/upload/v1780129641/310_mbo4o2.png"
"308_rirsnr","https://res.cloudinary.com/dqwh0wcjh/image/upload/v1780129640/308_rirsnr.png"
"312_tfnj1l","https://res.cloudinary.com/dqwh0wcjh/image/upload/v1780129641/312_tfnj1l.png"
"311_mljaxg","https://res.cloudinary.com/dqwh0wcjh/image/upload/v1780129640/311_mljaxg.png"
"306_rn8fie","https://res.cloudinary.com/dqwh0wcjh/image/upload/v1780129640/306_rn8fie.png"
"307_lnt0d6","https://res.cloudinary.com/dqwh0wcjh/image/upload/v1780129639/307_lnt0d6.png"
"305_rrp5z1","https://res.cloudinary.com/dqwh0wcjh/image/upload/v1780129638/305_rrp5z1.png"
"304_og747h","https://res.cloudinary.com/dqwh0wcjh/image/upload/v1780129638/304_og747h.png"
"302_re6rsk","https://res.cloudinary.com/dqwh0wcjh/image/upload/v1780129638/302_re6rsk.png"
"303_v3asog","https://res.cloudinary.com/dqwh0wcjh/image/upload/v1780129637/303_v3asog.png"
"301_udhhqg","https://res.cloudinary.com/dqwh0wcjh/image/upload/v1780129637/301_udhhqg.png"
"299_nrfbws","https://res.cloudinary.com/dqwh0wcjh/image/upload/v1780129636/299_nrfbws.png"
"300_ayxbet","https://res.cloudinary.com/dqwh0wcjh/image/upload/v1780129635/300_ayxbet.png"
"298_ql2nnj","https://res.cloudinary.com/dqwh0wcjh/image/upload/v1780129635/298_ql2nnj.png"
"297_x40ses","https://res.cloudinary.com/dqwh0wcjh/image/upload/v1780129634/297_x40ses.png"
"296_gfrita","https://res.cloudinary.com/dqwh0wcjh/image/upload/v1780129634/296_gfrita.png"
"295_ndn6x3","https://res.cloudinary.com/dqwh0wcjh/image/upload/v1780129633/295_ndn6x3.png"
"294_ccia8z","https://res.cloudinary.com/dqwh0wcjh/image/upload/v1780129633/294_ccia8z.png"
"290_v8p2rr","https://res.cloudinary.com/dqwh0wcjh/image/upload/v1780129632/290_v8p2rr.png"
"293_g2uetk","https://res.cloudinary.com/dqwh0wcjh/image/upload/v1780129632/293_g2uetk.png"
"292_muqcgx","https://res.cloudinary.com/dqwh0wcjh/image/upload/v1780129632/292_muqcgx.png"
"291_wxr9qr","https://res.cloudinary.com/dqwh0wcjh/image/upload/v1780129632/291_wxr9qr.png"
"289_igjb1p","https://res.cloudinary.com/dqwh0wcjh/image/upload/v1780129575/289_igjb1p.png"
"288_jx4xz3","https://res.cloudinary.com/dqwh0wcjh/image/upload/v1780129569/288_jx4xz3.png"
"287_p204w9","https://res.cloudinary.com/dqwh0wcjh/image/upload/v1780129569/287_p204w9.png"
"286_yshhcr","https://res.cloudinary.com/dqwh0wcjh/image/upload/v1780129568/286_yshhcr.png"
"285_mj7zgq","https://res.cloudinary.com/dqwh0wcjh/image/upload/v1780129567/285_mj7zgq.png"
"283_kkvhek","https://res.cloudinary.com/dqwh0wcjh/image/upload/v1780129567/283_kkvhek.png"
"284_y1ccaj","https://res.cloudinary.com/dqwh0wcjh/image/upload/v1780129567/284_y1ccaj.png"
"282_tt8txc","https://res.cloudinary.com/dqwh0wcjh/image/upload/v1780129566/282_tt8txc.png"
"281_h24r2r","https://res.cloudinary.com/dqwh0wcjh/image/upload/v1780129566/281_h24r2r.png"
"280_ibui8e","https://res.cloudinary.com/dqwh0wcjh/image/upload/v1780129565/280_ibui8e.png"
"279_p2u2hv","https://res.cloudinary.com/dqwh0wcjh/image/upload/v1780129565/279_p2u2hv.png"
"278_xezt9z","https://res.cloudinary.com/dqwh0wcjh/image/upload/v1780129565/278_xezt9z.png"
"277_bvshbr","https://res.cloudinary.com/dqwh0wcjh/image/upload/v1780129564/277_bvshbr.png"
"276_sxn8m9","https://res.cloudinary.com/dqwh0wcjh/image/upload/v1780129564/276_sxn8m9.png"
"275_owhizr","https://res.cloudinary.com/dqwh0wcjh/image/upload/v1780129563/275_owhizr.png"
"274_lruogz","https://res.cloudinary.com/dqwh0wcjh/image/upload/v1780129563/274_lruogz.png"
"273_karevb","https://res.cloudinary.com/dqwh0wcjh/image/upload/v1780129563/273_karevb.png"
"272_glgp2q","https://res.cloudinary.com/dqwh0wcjh/image/upload/v1780129563/272_glgp2q.png"
"271_p7ohuj","https://res.cloudinary.com/dqwh0wcjh/image/upload/v1780129562/271_p7ohuj.png"
"270_xefsqo","https://res.cloudinary.com/dqwh0wcjh/image/upload/v1780129562/270_xefsqo.png"
"269_mauydu","https://res.cloudinary.com/dqwh0wcjh/image/upload/v1780129561/269_mauydu.png"
"268_gmaqmz","https://res.cloudinary.com/dqwh0wcjh/image/upload/v1780129561/268_gmaqmz.png"
"267_k8tmgq","https://res.cloudinary.com/dqwh0wcjh/image/upload/v1780129560/267_k8tmgq.png"
"265_fydz7e","https://res.cloudinary.com/dqwh0wcjh/image/upload/v1780129560/265_fydz7e.png"
"266_br9mnx","https://res.cloudinary.com/dqwh0wcjh/image/upload/v1780129560/266_br9mnx.png"
"262_uskyzm","https://res.cloudinary.com/dqwh0wcjh/image/upload/v1780129558/262_uskyzm.png"
"264_oijxrq","https://res.cloudinary.com/dqwh0wcjh/image/upload/v1780129559/264_oijxrq.png"
"263_k6urgf","https://res.cloudinary.com/dqwh0wcjh/image/upload/v1780129559/263_k6urgf.png"
"261_qfzf5w","https://res.cloudinary.com/dqwh0wcjh/image/upload/v1780129557/261_qfzf5w.png"
"260_mskp37","https://res.cloudinary.com/dqwh0wcjh/image/upload/v1780129557/260_mskp37.png"
"259_obab1x","https://res.cloudinary.com/dqwh0wcjh/image/upload/v1780129522/259_obab1x.png"
"258_uztxml","https://res.cloudinary.com/dqwh0wcjh/image/upload/v1780129522/258_uztxml.png"
"257_c8ljqh","https://res.cloudinary.com/dqwh0wcjh/image/upload/v1780129521/257_c8ljqh.png"
"256_jqd5cx","https://res.cloudinary.com/dqwh0wcjh/image/upload/v1780129521/256_jqd5cx.png"
"255_kz59ph","https://res.cloudinary.com/dqwh0wcjh/image/upload/v1780129520/255_kz59ph.png"
"254_nn4pun","https://res.cloudinary.com/dqwh0wcjh/image/upload/v1780129520/254_nn4pun.png"
"253_n9k9cz","https://res.cloudinary.com/dqwh0wcjh/image/upload/v1780129520/253_n9k9cz.png"
"252_ny4xb1","https://res.cloudinary.com/dqwh0wcjh/image/upload/v1780129519/252_ny4xb1.png"
"251_cospbe","https://res.cloudinary.com/dqwh0wcjh/image/upload/v1780129519/251_cospbe.png"
"249_bl16ae","https://res.cloudinary.com/dqwh0wcjh/image/upload/v1780129519/249_bl16ae.png"
"250_oseknx","https://res.cloudinary.com/dqwh0wcjh/image/upload/v1780129518/250_oseknx.png"
"248_zrupzh","https://res.cloudinary.com/dqwh0wcjh/image/upload/v1780129518/248_zrupzh.png"
"247_t9cacc","https://res.cloudinary.com/dqwh0wcjh/image/upload/v1780129517/247_t9cacc.png"
"244_jvws6k","https://res.cloudinary.com/dqwh0wcjh/image/upload/v1780129517/244_jvws6k.png"
"246_bu41kl","https://res.cloudinary.com/dqwh0wcjh/image/upload/v1780129517/246_bu41kl.png"
"245_s0oiph","https://res.cloudinary.com/dqwh0wcjh/image/upload/v1780129517/245_s0oiph.png"
"243_brhmue","https://res.cloudinary.com/dqwh0wcjh/image/upload/v1780129516/243_brhmue.png"
"242_g1j29c","https://res.cloudinary.com/dqwh0wcjh/image/upload/v1780129515/242_g1j29c.png"
"241_dwljna","https://res.cloudinary.com/dqwh0wcjh/image/upload/v1780129515/241_dwljna.png"
"240_dp1fea","https://res.cloudinary.com/dqwh0wcjh/image/upload/v1780129515/240_dp1fea.png"
"239_eym2sw","https://res.cloudinary.com/dqwh0wcjh/image/upload/v1780129514/239_eym2sw.png"
"238_wophkw","https://res.cloudinary.com/dqwh0wcjh/image/upload/v1780129514/238_wophkw.png"
"237_ng3rnz","https://res.cloudinary.com/dqwh0wcjh/image/upload/v1780129514/237_ng3rnz.png"
"236_zt9t4b","https://res.cloudinary.com/dqwh0wcjh/image/upload/v1780129513/236_zt9t4b.png"
"235_bwcbbm","https://res.cloudinary.com/dqwh0wcjh/image/upload/v1780129513/235_bwcbbm.png"
"234_dxjmyf","https://res.cloudinary.com/dqwh0wcjh/image/upload/v1780129512/234_dxjmyf.png"
"233_znkwce","https://res.cloudinary.com/dqwh0wcjh/image/upload/v1780129512/233_znkwce.png"
"231_eayjxr","https://res.cloudinary.com/dqwh0wcjh/image/upload/v1780129511/231_eayjxr.png"
"230_g8anmp","https://res.cloudinary.com/dqwh0wcjh/image/upload/v1780129511/230_g8anmp.png"
"232_yetdmn","https://res.cloudinary.com/dqwh0wcjh/image/upload/v1780129511/232_yetdmn.png"
"229_vxhqn2","https://res.cloudinary.com/dqwh0wcjh/image/upload/v1780129511/229_vxhqn2.png"
"228_efjozm","https://res.cloudinary.com/dqwh0wcjh/image/upload/v1780129511/228_efjozm.png"
"227_sicyjm","https://res.cloudinary.com/dqwh0wcjh/image/upload/v1780129510/227_sicyjm.png"
"226_blhaf1","https://res.cloudinary.com/dqwh0wcjh/image/upload/v1780129509/226_blhaf1.png"
"225_t7ttqb","https://res.cloudinary.com/dqwh0wcjh/image/upload/v1780129509/225_t7ttqb.png"
"224_pjjr5v","https://res.cloudinary.com/dqwh0wcjh/image/upload/v1780129509/224_pjjr5v.png"
"223_f07pbu","https://res.cloudinary.com/dqwh0wcjh/image/upload/v1780129508/223_f07pbu.png"
"222_vjbgyi","https://res.cloudinary.com/dqwh0wcjh/image/upload/v1780129508/222_vjbgyi.png"
"221_anmslw","https://res.cloudinary.com/dqwh0wcjh/image/upload/v1780129507/221_anmslw.png"
"220_hmbrmh","https://res.cloudinary.com/dqwh0wcjh/image/upload/v1780129507/220_hmbrmh.png"
"219_ygkyhz","https://res.cloudinary.com/dqwh0wcjh/image/upload/v1780129506/219_ygkyhz.png"
"218_pph80c","https://res.cloudinary.com/dqwh0wcjh/image/upload/v1780129506/218_pph80c.png"
"217_p2uwyz","https://res.cloudinary.com/dqwh0wcjh/image/upload/v1780129506/217_p2uwyz.png"
"216_gddzh6","https://res.cloudinary.com/dqwh0wcjh/image/upload/v1780129505/216_gddzh6.png"
"214_uxjq2x","https://res.cloudinary.com/dqwh0wcjh/image/upload/v1780129505/214_uxjq2x.png"
"215_j2buxk","https://res.cloudinary.com/dqwh0wcjh/image/upload/v1780129505/215_j2buxk.png"
"213_ykwhpt","https://res.cloudinary.com/dqwh0wcjh/image/upload/v1780129504/213_ykwhpt.png"
"212_mvy8dn","https://res.cloudinary.com/dqwh0wcjh/image/upload/v1780129504/212_mvy8dn.png"
"211_c8xgyx","https://res.cloudinary.com/dqwh0wcjh/image/upload/v1780129503/211_c8xgyx.png"
"209_knqyad","https://res.cloudinary.com/dqwh0wcjh/image/upload/v1780129503/209_knqyad.png"
"210_nabkxk","https://res.cloudinary.com/dqwh0wcjh/image/upload/v1780129503/210_nabkxk.png"
"208_gwv69i","https://res.cloudinary.com/dqwh0wcjh/image/upload/v1780129502/208_gwv69i.png"
"207_pz1nwf","https://res.cloudinary.com/dqwh0wcjh/image/upload/v1780129501/207_pz1nwf.png"
"206_arf84o","https://res.cloudinary.com/dqwh0wcjh/image/upload/v1780129501/206_arf84o.png"
"205_gad7mq","https://res.cloudinary.com/dqwh0wcjh/image/upload/v1780129501/205_gad7mq.png"
"204_oschp8","https://res.cloudinary.com/dqwh0wcjh/image/upload/v1780129501/204_oschp8.png"
"202_cvwkxe","https://res.cloudinary.com/dqwh0wcjh/image/upload/v1780129500/202_cvwkxe.png"
"203_gnnbly","https://res.cloudinary.com/dqwh0wcjh/image/upload/v1780129500/203_gnnbly.png"
"201_uqv0ca","https://res.cloudinary.com/dqwh0wcjh/image/upload/v1780129499/201_uqv0ca.png"
"200_d4gpdm","https://res.cloudinary.com/dqwh0wcjh/image/upload/v1780129499/200_d4gpdm.png"
"199_nvwi9x","https://res.cloudinary.com/dqwh0wcjh/image/upload/v1780129498/199_nvwi9x.png"
"198_uym25l","https://res.cloudinary.com/dqwh0wcjh/image/upload/v1780129498/198_uym25l.png"
"197_jlsy1o","https://res.cloudinary.com/dqwh0wcjh/image/upload/v1780129497/197_jlsy1o.png"
"196_z2m09m","https://res.cloudinary.com/dqwh0wcjh/image/upload/v1780129497/196_z2m09m.png"
"195_zgypge","https://res.cloudinary.com/dqwh0wcjh/image/upload/v1780129497/195_zgypge.png"
"194_we6csi","https://res.cloudinary.com/dqwh0wcjh/image/upload/v1780129497/194_we6csi.png"
"193_csn4ks","https://res.cloudinary.com/dqwh0wcjh/image/upload/v1780129496/193_csn4ks.png"
"191_vwx6m6","https://res.cloudinary.com/dqwh0wcjh/image/upload/v1780129496/191_vwx6m6.png"
"192_weco1k","https://res.cloudinary.com/dqwh0wcjh/image/upload/v1780129496/192_weco1k.png"
"190_f2ld1c","https://res.cloudinary.com/dqwh0wcjh/image/upload/v1780129495/190_f2ld1c.png"
"189_wdbkt8","https://res.cloudinary.com/dqwh0wcjh/image/upload/v1780129494/189_wdbkt8.png"
"188_wtcpgy","https://res.cloudinary.com/dqwh0wcjh/image/upload/v1780129494/188_wtcpgy.png"
"187_osgklv","https://res.cloudinary.com/dqwh0wcjh/image/upload/v1780129493/187_osgklv.png"
"186_mtposg","https://res.cloudinary.com/dqwh0wcjh/image/upload/v1780129493/186_mtposg.png"
"185_yfkynh","https://res.cloudinary.com/dqwh0wcjh/image/upload/v1780129493/185_yfkynh.png"
"183_nv8b0d","https://res.cloudinary.com/dqwh0wcjh/image/upload/v1780129493/183_nv8b0d.png"
"184_whax1i","https://res.cloudinary.com/dqwh0wcjh/image/upload/v1780129493/184_whax1i.png"
"182_js0gly","https://res.cloudinary.com/dqwh0wcjh/image/upload/v1780129492/182_js0gly.png"
"181_d1iuft","https://res.cloudinary.com/dqwh0wcjh/image/upload/v1780129492/181_d1iuft.png"
"180_le5y4x","https://res.cloudinary.com/dqwh0wcjh/image/upload/v1780129491/180_le5y4x.png"
"178_chxjbu","https://res.cloudinary.com/dqwh0wcjh/image/upload/v1780129491/178_chxjbu.png"
"179_o9rxrs","https://res.cloudinary.com/dqwh0wcjh/image/upload/v1780129491/179_o9rxrs.png"
"175_ielrnl","https://res.cloudinary.com/dqwh0wcjh/image/upload/v1780129490/175_ielrnl.png"
"177_ck7kkz","https://res.cloudinary.com/dqwh0wcjh/image/upload/v1780129490/177_ck7kkz.png"
"176_ru92pb","https://res.cloudinary.com/dqwh0wcjh/image/upload/v1780129490/176_ru92pb.png"
"174_dshbia","https://res.cloudinary.com/dqwh0wcjh/image/upload/v1780129489/174_dshbia.png"
"172_ajvpns","https://res.cloudinary.com/dqwh0wcjh/image/upload/v1780129489/172_ajvpns.png"
"173_ycplr2","https://res.cloudinary.com/dqwh0wcjh/image/upload/v1780129488/173_ycplr2.png"
"170_ivvrnq","https://res.cloudinary.com/dqwh0wcjh/image/upload/v1780129487/170_ivvrnq.png"
"171_pb2d4w","https://res.cloudinary.com/dqwh0wcjh/image/upload/v1780129487/171_pb2d4w.png"
"168_d71r3l","https://res.cloudinary.com/dqwh0wcjh/image/upload/v1780129486/168_d71r3l.png"
"169_ih6yyw","https://res.cloudinary.com/dqwh0wcjh/image/upload/v1780129487/169_ih6yyw.png"
"165_us4j8c","https://res.cloudinary.com/dqwh0wcjh/image/upload/v1780129486/165_us4j8c.png"
"166_adkqpj","https://res.cloudinary.com/dqwh0wcjh/image/upload/v1780129486/166_adkqpj.png"
"167_dhuuxa","https://res.cloudinary.com/dqwh0wcjh/image/upload/v1780129486/167_dhuuxa.png"
"162_zv0l8s","https://res.cloudinary.com/dqwh0wcjh/image/upload/v1780129484/162_zv0l8s.png"
"164_xd92hv","https://res.cloudinary.com/dqwh0wcjh/image/upload/v1780129485/164_xd92hv.png"
"163_ts7zmn","https://res.cloudinary.com/dqwh0wcjh/image/upload/v1780129485/163_ts7zmn.png"
"161_wgioez","https://res.cloudinary.com/dqwh0wcjh/image/upload/v1780129484/161_wgioez.png"
"160_c7dydd","https://res.cloudinary.com/dqwh0wcjh/image/upload/v1780129484/160_c7dydd.png"
"159_srh8zv","https://res.cloudinary.com/dqwh0wcjh/image/upload/v1780129483/159_srh8zv.png"
"158_npk7rw","https://res.cloudinary.com/dqwh0wcjh/image/upload/v1780129482/158_npk7rw.png"
"157_qv3gwt","https://res.cloudinary.com/dqwh0wcjh/image/upload/v1780129482/157_qv3gwt.png"
"151_a3m4ad","https://res.cloudinary.com/dqwh0wcjh/image/upload/v1780129482/151_a3m4ad.png"
"154_rjg1z7","https://res.cloudinary.com/dqwh0wcjh/image/upload/v1780129482/154_rjg1z7.png"
"156_kj2akz","https://res.cloudinary.com/dqwh0wcjh/image/upload/v1780129482/156_kj2akz.png"
"155_qlh4t8","https://res.cloudinary.com/dqwh0wcjh/image/upload/v1780129481/155_qlh4t8.png"
"153_agyman","https://res.cloudinary.com/dqwh0wcjh/image/upload/v1780129481/153_agyman.png"
"152_kqkgn0","https://res.cloudinary.com/dqwh0wcjh/image/upload/v1780129480/152_kqkgn0.png"
"150_cwz1qw","https://res.cloudinary.com/dqwh0wcjh/image/upload/v1780129480/150_cwz1qw.png"
"149_avkgz9","https://res.cloudinary.com/dqwh0wcjh/image/upload/v1780129479/149_avkgz9.png"
"148_xhomxs","https://res.cloudinary.com/dqwh0wcjh/image/upload/v1780129478/148_xhomxs.png"
"147_xpt91l","https://res.cloudinary.com/dqwh0wcjh/image/upload/v1780129478/147_xpt91l.png"
"146_rrgbuo","https://res.cloudinary.com/dqwh0wcjh/image/upload/v1780129478/146_rrgbuo.png"
"145_b375it","https://res.cloudinary.com/dqwh0wcjh/image/upload/v1780129477/145_b375it.png"
"144_wqti3t","https://res.cloudinary.com/dqwh0wcjh/image/upload/v1780129477/144_wqti3t.png"
"141_k36qx0","https://res.cloudinary.com/dqwh0wcjh/image/upload/v1780129477/141_k36qx0.png"
"143_imq1pu","https://res.cloudinary.com/dqwh0wcjh/image/upload/v1780129476/143_imq1pu.png"
"139_gbbac4","https://res.cloudinary.com/dqwh0wcjh/image/upload/v1780129476/139_gbbac4.png"
"142_bnpxk2","https://res.cloudinary.com/dqwh0wcjh/image/upload/v1780129476/142_bnpxk2.png"
"138_z1ufap","https://res.cloudinary.com/dqwh0wcjh/image/upload/v1780129475/138_z1ufap.png"
"140_v7dmrt","https://res.cloudinary.com/dqwh0wcjh/image/upload/v1780129475/140_v7dmrt.png"
"137_wtzgda","https://res.cloudinary.com/dqwh0wcjh/image/upload/v1780129474/137_wtzgda.png"
"136_ngz48g","https://res.cloudinary.com/dqwh0wcjh/image/upload/v1780129474/136_ngz48g.png"
"135_bsw5io","https://res.cloudinary.com/dqwh0wcjh/image/upload/v1780129473/135_bsw5io.png"
"133_h7dnvu","https://res.cloudinary.com/dqwh0wcjh/image/upload/v1780129473/133_h7dnvu.png"
"131_abboso","https://res.cloudinary.com/dqwh0wcjh/image/upload/v1780129473/131_abboso.png"
"134_bdpmng","https://res.cloudinary.com/dqwh0wcjh/image/upload/v1780129473/134_bdpmng.png"
"132_po1eaz","https://res.cloudinary.com/dqwh0wcjh/image/upload/v1780129473/132_po1eaz.png"
"130_o04wkd","https://res.cloudinary.com/dqwh0wcjh/image/upload/v1780129473/130_o04wkd.png"
"129_fs1zbl","https://res.cloudinary.com/dqwh0wcjh/image/upload/v1780129472/129_fs1zbl.png"
"128_vl7ljb","https://res.cloudinary.com/dqwh0wcjh/image/upload/v1780129472/128_vl7ljb.png"
"127_c129oc","https://res.cloudinary.com/dqwh0wcjh/image/upload/v1780129470/127_c129oc.png"
"126_fhwjf3","https://res.cloudinary.com/dqwh0wcjh/image/upload/v1780129470/126_fhwjf3.png"
"125_ltutyc","https://res.cloudinary.com/dqwh0wcjh/image/upload/v1780129470/125_ltutyc.png"
"123_g63clo","https://res.cloudinary.com/dqwh0wcjh/image/upload/v1780129469/123_g63clo.png"
"124_vcbfcj","https://res.cloudinary.com/dqwh0wcjh/image/upload/v1780129469/124_vcbfcj.png"
"122_or2yjc","https://res.cloudinary.com/dqwh0wcjh/image/upload/v1780129469/122_or2yjc.png"
"121_ezwdwa","https://res.cloudinary.com/dqwh0wcjh/image/upload/v1780129468/121_ezwdwa.png"
"120_dwtx2x","https://res.cloudinary.com/dqwh0wcjh/image/upload/v1780129468/120_dwtx2x.png"
"119_kt81yk","https://res.cloudinary.com/dqwh0wcjh/image/upload/v1780129467/119_kt81yk.png"
"117_sq4az7","https://res.cloudinary.com/dqwh0wcjh/image/upload/v1780129467/117_sq4az7.png"
"118_gfxerc","https://res.cloudinary.com/dqwh0wcjh/image/upload/v1780129467/118_gfxerc.png"
"114_bwrpii","https://res.cloudinary.com/dqwh0wcjh/image/upload/v1780129466/114_bwrpii.png"
"116_gj5dvx","https://res.cloudinary.com/dqwh0wcjh/image/upload/v1780129466/116_gj5dvx.png"
"115_o44smc","https://res.cloudinary.com/dqwh0wcjh/image/upload/v1780129466/115_o44smc.png"
"113_ylad5a","https://res.cloudinary.com/dqwh0wcjh/image/upload/v1780129466/113_ylad5a.png"
"112_ovpqwz","https://res.cloudinary.com/dqwh0wcjh/image/upload/v1780129465/112_ovpqwz.png"
"111_tgvosq","https://res.cloudinary.com/dqwh0wcjh/image/upload/v1780129465/111_tgvosq.png"
"110_dggyve","https://res.cloudinary.com/dqwh0wcjh/image/upload/v1780128977/110_dggyve.png"
"109_im8pml","https://res.cloudinary.com/dqwh0wcjh/image/upload/v1780128211/109_im8pml.png"
"108_umauqz","https://res.cloudinary.com/dqwh0wcjh/image/upload/v1780128199/108_umauqz.png"
"107_wzbo9r","https://res.cloudinary.com/dqwh0wcjh/image/upload/v1780128199/107_wzbo9r.png"
"106_ppcr45","https://res.cloudinary.com/dqwh0wcjh/image/upload/v1780128199/106_ppcr45.png"
"105_oalsco","https://res.cloudinary.com/dqwh0wcjh/image/upload/v1780128199/105_oalsco.png"
"103_lpreax","https://res.cloudinary.com/dqwh0wcjh/image/upload/v1780128198/103_lpreax.png"
"104_wu041c","https://res.cloudinary.com/dqwh0wcjh/image/upload/v1780128198/104_wu041c.png"
"101_ykojxc","https://res.cloudinary.com/dqwh0wcjh/image/upload/v1780128197/101_ykojxc.png"
"102_fqevzv","https://res.cloudinary.com/dqwh0wcjh/image/upload/v1780128197/102_fqevzv.png"
"100_fsv2rt","https://res.cloudinary.com/dqwh0wcjh/image/upload/v1780128094/100_fsv2rt.png"
"099_ffijlu","https://res.cloudinary.com/dqwh0wcjh/image/upload/v1780128077/099_ffijlu.png"
"098_llubtp","https://res.cloudinary.com/dqwh0wcjh/image/upload/v1780128076/098_llubtp.png"
"097_p2xwxi","https://res.cloudinary.com/dqwh0wcjh/image/upload/v1780128075/097_p2xwxi.png"
"095_xozpst","https://res.cloudinary.com/dqwh0wcjh/image/upload/v1780128075/095_xozpst.png"
"096_ixo3b4","https://res.cloudinary.com/dqwh0wcjh/image/upload/v1780128075/096_ixo3b4.png"
"094_sseojo","https://res.cloudinary.com/dqwh0wcjh/image/upload/v1780128075/094_sseojo.png"
"093_fg12sa","https://res.cloudinary.com/dqwh0wcjh/image/upload/v1780128074/093_fg12sa.png"
"092_ccx4fx","https://res.cloudinary.com/dqwh0wcjh/image/upload/v1780128073/092_ccx4fx.png"
"091_zo0yxq","https://res.cloudinary.com/dqwh0wcjh/image/upload/v1780128073/091_zo0yxq.png"
"090_fr5jwd","https://res.cloudinary.com/dqwh0wcjh/image/upload/v1780128072/090_fr5jwd.png"
"089_evsq87","https://res.cloudinary.com/dqwh0wcjh/image/upload/v1780128072/089_evsq87.png"
"088_gckzmf","https://res.cloudinary.com/dqwh0wcjh/image/upload/v1780128072/088_gckzmf.png"
"087_bss4kv","https://res.cloudinary.com/dqwh0wcjh/image/upload/v1780128071/087_bss4kv.png"
"086_ito2bd","https://res.cloudinary.com/dqwh0wcjh/image/upload/v1780128071/086_ito2bd.png"
"085_fmf5bn","https://res.cloudinary.com/dqwh0wcjh/image/upload/v1780128070/085_fmf5bn.png"
"084_vlndg1","https://res.cloudinary.com/dqwh0wcjh/image/upload/v1780128070/084_vlndg1.png"
"083_v44mwh","https://res.cloudinary.com/dqwh0wcjh/image/upload/v1780128070/083_v44mwh.png"
"082_niflaq","https://res.cloudinary.com/dqwh0wcjh/image/upload/v1780128069/082_niflaq.png"
"081_guzmoj","https://res.cloudinary.com/dqwh0wcjh/image/upload/v1780128069/081_guzmoj.png"
"080_wqcmhb","https://res.cloudinary.com/dqwh0wcjh/image/upload/v1780128068/080_wqcmhb.png"
"079_zr1lit","https://res.cloudinary.com/dqwh0wcjh/image/upload/v1780128068/079_zr1lit.png"
"078_mrzuw4","https://res.cloudinary.com/dqwh0wcjh/image/upload/v1780128068/078_mrzuw4.png"
"077_mxyztg","https://res.cloudinary.com/dqwh0wcjh/image/upload/v1780128067/077_mxyztg.png"
"076_gmiejc","https://res.cloudinary.com/dqwh0wcjh/image/upload/v1780128067/076_gmiejc.png"
"075_jfj2h3","https://res.cloudinary.com/dqwh0wcjh/image/upload/v1780128067/075_jfj2h3.png"
"074_hilzhh","https://res.cloudinary.com/dqwh0wcjh/image/upload/v1780128066/074_hilzhh.png"
"073_acsspf","https://res.cloudinary.com/dqwh0wcjh/image/upload/v1780128066/073_acsspf.png"
"072_fbxr7u","https://res.cloudinary.com/dqwh0wcjh/image/upload/v1780128065/072_fbxr7u.png"
"071_nxghcs","https://res.cloudinary.com/dqwh0wcjh/image/upload/v1780128065/071_nxghcs.png"
"070_g48rdu","https://res.cloudinary.com/dqwh0wcjh/image/upload/v1780128065/070_g48rdu.png"
"069_gcourd","https://res.cloudinary.com/dqwh0wcjh/image/upload/v1780128064/069_gcourd.png"
"068_u849de","https://res.cloudinary.com/dqwh0wcjh/image/upload/v1780128064/068_u849de.png"
"065_x1vtaf","https://res.cloudinary.com/dqwh0wcjh/image/upload/v1780128063/065_x1vtaf.png"
"067_skxb5w","https://res.cloudinary.com/dqwh0wcjh/image/upload/v1780128063/067_skxb5w.png"
"066_z6uezi","https://res.cloudinary.com/dqwh0wcjh/image/upload/v1780128063/066_z6uezi.png"
"064_b5bayy","https://res.cloudinary.com/dqwh0wcjh/image/upload/v1780128063/064_b5bayy.png"
"062_kmnyyi","https://res.cloudinary.com/dqwh0wcjh/image/upload/v1780128062/062_kmnyyi.png"
"063_owf6sw","https://res.cloudinary.com/dqwh0wcjh/image/upload/v1780128062/063_owf6sw.png"
"061_wkqrmm","https://res.cloudinary.com/dqwh0wcjh/image/upload/v1780128061/061_wkqrmm.png"
"060_n1c9oc","https://res.cloudinary.com/dqwh0wcjh/image/upload/v1780128029/060_n1c9oc.png"
"059_iucavh","https://res.cloudinary.com/dqwh0wcjh/image/upload/v1780128003/059_iucavh.png"
"058_g7j5xb","https://res.cloudinary.com/dqwh0wcjh/image/upload/v1780128002/058_g7j5xb.png"
"057_fttibl","https://res.cloudinary.com/dqwh0wcjh/image/upload/v1780128002/057_fttibl.png"
"056_xgoprj","https://res.cloudinary.com/dqwh0wcjh/image/upload/v1780128001/056_xgoprj.png"
"055_kyiuuw","https://res.cloudinary.com/dqwh0wcjh/image/upload/v1780128001/055_kyiuuw.png"
"054_fhh0s6","https://res.cloudinary.com/dqwh0wcjh/image/upload/v1780128001/054_fhh0s6.png"
"053_eushhv","https://res.cloudinary.com/dqwh0wcjh/image/upload/v1780128000/053_eushhv.png"
"052_lwmzvd","https://res.cloudinary.com/dqwh0wcjh/image/upload/v1780128000/052_lwmzvd.png"
"051_qdraol","https://res.cloudinary.com/dqwh0wcjh/image/upload/v1780128000/051_qdraol.png"
"050_spneqa","https://res.cloudinary.com/dqwh0wcjh/image/upload/v1780127999/050_spneqa.png"
"049_wyruhz","https://res.cloudinary.com/dqwh0wcjh/image/upload/v1780127999/049_wyruhz.png"
"048_mlbrlo","https://res.cloudinary.com/dqwh0wcjh/image/upload/v1780127998/048_mlbrlo.png"
"047_slk3et","https://res.cloudinary.com/dqwh0wcjh/image/upload/v1780127998/047_slk3et.png"
"046_bqwe6i","https://res.cloudinary.com/dqwh0wcjh/image/upload/v1780127998/046_bqwe6i.png"
"042_wpamoj","https://res.cloudinary.com/dqwh0wcjh/image/upload/v1780127997/042_wpamoj.png"
"045_axiuat","https://res.cloudinary.com/dqwh0wcjh/image/upload/v1780127997/045_axiuat.png"
"044_wls1rp","https://res.cloudinary.com/dqwh0wcjh/image/upload/v1780127997/044_wls1rp.png"
"043_v7kqsh","https://res.cloudinary.com/dqwh0wcjh/image/upload/v1780127996/043_v7kqsh.png"
"040_kbe9gh","https://res.cloudinary.com/dqwh0wcjh/image/upload/v1780127996/040_kbe9gh.png"
"041_oj5qmn","https://res.cloudinary.com/dqwh0wcjh/image/upload/v1780127995/041_oj5qmn.png"
"036_dcy6um","https://res.cloudinary.com/dqwh0wcjh/image/upload/v1780127995/036_dcy6um.png"
"037_tltbs7","https://res.cloudinary.com/dqwh0wcjh/image/upload/v1780127995/037_tltbs7.png"
"035_zgtght","https://res.cloudinary.com/dqwh0wcjh/image/upload/v1780127995/035_zgtght.png"
"039_wyu86d","https://res.cloudinary.com/dqwh0wcjh/image/upload/v1780127995/039_wyu86d.png"
"038_cxq1kr","https://res.cloudinary.com/dqwh0wcjh/image/upload/v1780127994/038_cxq1kr.png"
"034_guyjgw","https://res.cloudinary.com/dqwh0wcjh/image/upload/v1780127993/034_guyjgw.png"
"033_nmi4s9","https://res.cloudinary.com/dqwh0wcjh/image/upload/v1780127992/033_nmi4s9.png"
"032_t9kpuy","https://res.cloudinary.com/dqwh0wcjh/image/upload/v1780127992/032_t9kpuy.png"
"030_ham25h","https://res.cloudinary.com/dqwh0wcjh/image/upload/v1780127992/030_ham25h.png"
"031_m6czby","https://res.cloudinary.com/dqwh0wcjh/image/upload/v1780127992/031_m6czby.png"
"027_uoiwz5","https://res.cloudinary.com/dqwh0wcjh/image/upload/v1780127991/027_uoiwz5.png"
"029_du9wza","https://res.cloudinary.com/dqwh0wcjh/image/upload/v1780127991/029_du9wza.png"
"028_plm6ha","https://res.cloudinary.com/dqwh0wcjh/image/upload/v1780127991/028_plm6ha.png"
"025_u8hekl","https://res.cloudinary.com/dqwh0wcjh/image/upload/v1780127990/025_u8hekl.png"
"026_hjqqi6","https://res.cloudinary.com/dqwh0wcjh/image/upload/v1780127990/026_hjqqi6.png"
"024_r2of7f","https://res.cloudinary.com/dqwh0wcjh/image/upload/v1780127989/024_r2of7f.png"
"021_wu5ldu","https://res.cloudinary.com/dqwh0wcjh/image/upload/v1780127988/021_wu5ldu.png"
"023_faqfex","https://res.cloudinary.com/dqwh0wcjh/image/upload/v1780127989/023_faqfex.png"
"022_cqaxks","https://res.cloudinary.com/dqwh0wcjh/image/upload/v1780127988/022_cqaxks.png"
"018_pnkk0a","https://res.cloudinary.com/dqwh0wcjh/image/upload/v1780127988/018_pnkk0a.png"
"020_qowgmo","https://res.cloudinary.com/dqwh0wcjh/image/upload/v1780127988/020_qowgmo.png"
"017_ed6f9x","https://res.cloudinary.com/dqwh0wcjh/image/upload/v1780127987/017_ed6f9x.png"
"019_vi5sbd","https://res.cloudinary.com/dqwh0wcjh/image/upload/v1780127987/019_vi5sbd.png"
"015_yd6vvp","https://res.cloudinary.com/dqwh0wcjh/image/upload/v1780127987/015_yd6vvp.png"
"016_fhnvpg","https://res.cloudinary.com/dqwh0wcjh/image/upload/v1780127987/016_fhnvpg.png"
"014_gr7xtc","https://res.cloudinary.com/dqwh0wcjh/image/upload/v1780127986/014_gr7xtc.png"
"013_m9ukph","https://res.cloudinary.com/dqwh0wcjh/image/upload/v1780127985/013_m9ukph.png"
"012_q8eac6","https://res.cloudinary.com/dqwh0wcjh/image/upload/v1780127984/012_q8eac6.png"
"008_mxsrqj","https://res.cloudinary.com/dqwh0wcjh/image/upload/v1780127984/008_mxsrqj.png"
"011_ixho2u","https://res.cloudinary.com/dqwh0wcjh/image/upload/v1780127984/011_ixho2u.png"
"009_abuu5g","https://res.cloudinary.com/dqwh0wcjh/image/upload/v1780127984/009_abuu5g.png"
"010_uyxezy","https://res.cloudinary.com/dqwh0wcjh/image/upload/v1780127984/010_uyxezy.png"
"007_whxzz0","https://res.cloudinary.com/dqwh0wcjh/image/upload/v1780127983/007_whxzz0.png"
"003_f2kpqz","https://res.cloudinary.com/dqwh0wcjh/image/upload/v1780127983/003_f2kpqz.png"
"002_xfqch7","https://res.cloudinary.com/dqwh0wcjh/image/upload/v1780127982/002_xfqch7.png"
"006_s70rei","https://res.cloudinary.com/dqwh0wcjh/image/upload/v1780127982/006_s70rei.png"
"005_pnn5lk","https://res.cloudinary.com/dqwh0wcjh/image/upload/v1780127982/005_pnn5lk.png"
"004_ype2gx","https://res.cloudinary.com/dqwh0wcjh/image/upload/v1780127982/004_ype2gx.png"
"001_pb4uxc","https://res.cloudinary.com/dqwh0wcjh/image/upload/v1780127982/001_pb4uxc.png"
